,ERHC_FA,ERLC_FA,LRHC_FA,LRLC_FA
0,633.4285714285713,721.09375,720.3333333333333,816.8750000000001
